kappa,gamma,s,row_index,rid
0.5570584582469164,0.9259219028443814,0.5659134260520123,1,r0001
0.7545706703441004,0.804400402522278,0.2332045133934313,2,r0002
1.4554009886777903,0.7254750015343477,0.6099410425300303,3,r0003
2.642675100820048,1.738076984783619,0.3357199882512816,4,r0004
1.7533655389184095,1.267366572613318,0.199407819681722,5,r0005
1.6759784669534403,1.8263674304853448,0.2550062096308353,6,r0006
0.4405754522982464,0.434808421847739,0.7459174780779664,7,r0007
1.027584182551407,1.726026111096106,0.1606291711887341,8,r0008
1.3234175035181055,0.7529044515181185,0.8272377340454108,9,r0009
1.2227620322871242,1.4566222254697845,0.3419146811722696,10,r0010
0.8320210909497668,0.7005682345796977,0.8153371720077014,11,r0011
0.6447203175436547,0.8459563556294966,0.0785159219005065,12,r0012
0.5932115948934011,0.8925317650617426,0.4230606701193982,13,r0013
0.9998367300132628,0.6174060570500585,0.7132042139015426,14,r0014
1.111727623771155,0.9708902521581648,0.4712989502298041,15,r0015
0.7133310513359515,0.8532548249741866,0.1383808853928203,16,r0016
2.0501976318679875,1.9382079850092675,0.1004345330892601,17,r0017
1.3799616321117825,1.741071771321491,0.1659649530673807,18,r0018
0.8960689521816085,0.6924530458615729,0.9119280219286532,19,r0019
0.987823620693258,0.7959575635816457,0.5380068690699245,20,r0020
2.0331821730881043,1.6276638789700604,0.3925005689611655,21,r0021
2.954336135644938,2.0737754765715555,0.5456373382892652,22,r0022
1.1431640197647606,1.4629973604046638,0.4706789153937112,23,r0023
2.097797657697746,2.6525541880683625,0.1363856199241988,24,r0024
1.472225851515076,2.266828585185905,0.2297721307225538,25,r0025
1.1353037149987064,2.470951404590339,0.1344864511024928,26,r0026
1.8118552165225328,2.9562279585511564,0.049950159312996,27,r0027
3.16354751825262,2.7948537913410703,0.3548089617768584,28,r0028
0.2687866252030348,0.8104637575642992,0.2609120806919138,29,r0029
1.4744774796885431,1.0150830538418567,0.3104503109144594,30,r0030
1.5817294928893946,0.7210124780197342,0.9289242758454171,31,r0031
1.0510993776149014,1.1548674267558896,0.3145251490348942,32,r0032
1.7843332831513616,1.749366077497502,0.3027188241200707,33,r0033
2.6514565442686173,2.11745381692165,0.1959781408950397,34,r0034
0.6318761703563611,1.2142911806627568,0.3587628446365058,35,r0035
0.9197033855243992,1.090230442938715,0.1838316904877421,36,r0036
3.5544514684490216,3.194250644756503,0.0678236390638294,37,r0037
0.1605639100796242,0.2711191222010071,0.8823298117205438,38,r0038
1.6493183009467385,1.2911786677854038,0.1620537957954722,39,r0039
0.9423751226135908,0.7544550629004843,0.6151679166548869,40,r0040
3.2272784669633787,2.5448005230729405,0.217683629044964,41,r0041
1.89810030739867,1.9461208392231033,0.3376766554385708,42,r0042
2.741883698537029,3.0321704021641076,0.1302586810310804,43,r0043
0.5963312814699189,0.9408608363185104,0.537524011046349,44,r0044
0.3443019223394855,1.2504315390207896,0.0991175337648406,45,r0045
0.9597847495107088,0.7894699390241741,0.9459650090002096,46,r0046
1.7977446619580677,2.2382823808290913,0.2416812777905814,47,r0047
0.8891022940403196,1.2317423184974825,0.0935819846240647,48,r0048
0.947191547908216,0.8945255063860844,0.1817132521258831,49,r0049
2.864965646303366,3.151779925029796,0.0861889738412385,50,r0050
1.3865602226484322,0.9755505101599448,0.5616217482675373,51,r0051
0.8201289620312581,0.9472453600473024,0.5468955474810134,52,r0052
1.0028658308954963,0.5610941839519622,0.6267272291633063,53,r0053
1.707112705515208,1.6340141296865154,0.1079838629352603,54,r0054
0.2643770910500238,0.750501626477627,0.2146960579639594,55,r0055
0.8645496652790206,1.5656534189083224,0.1833751458783531,56,r0056
1.2313014449809097,1.057196568846273,0.1708060283793891,57,r0057
1.2349030200496625,1.83880961161322,0.2285226689652301,58,r0058
1.0084420921899155,1.243868168941324,0.3726908746887277,59,r0059
1.7270073448691552,0.8803443638013291,0.8132667905797611,60,r0060
1.3600359449658972,0.4568287981467837,1.0080139160594626,61,r0061
0.6271763430839165,0.3191999971064773,0.5658209250286103,62,r0062
1.0054749150477795,0.5304057319515355,0.4751906767284414,63,r0063
0.828832692284748,0.4347153133101709,0.9908112995371816,64,r0064
1.062589249946089,0.5407733248156724,0.8756509996408589,65,r0065
0.9710071381351844,0.9984576386845,0.123699137517019,66,r0066
1.481111624332888,1.0684300494175742,0.6348523952174293,67,r0067
0.5881819428847544,1.1546472141052886,0.1467046609607356,68,r0068
1.813464283209142,1.0520959050512877,0.3198007619786755,69,r0069
1.0360443544114766,1.249219955879545,0.2940247839617881,70,r0070
1.7665617943760838,1.970293953208736,0.1725012865109044,71,r0071
3.419100239253189,2.581548880241513,0.2673448640373762,72,r0072
1.1740280037618087,0.6626986164569489,0.9071837412240754,73,r0073
1.4069292623771192,0.7906127885132724,0.8530017406280739,74,r0074
1.1527891886477848,0.4987684613281545,0.9521957274038284,75,r0075
2.2655218976140485,1.9134122191624945,0.2698549387299071,76,r0076
0.9243411689723624,0.8184903049119976,0.2680693299138206,77,r0077
2.3579547402720147,2.0576212762310373,0.1391440338715777,78,r0078
1.5585908358364058,1.331703538011667,0.2290963763956543,79,r0079
0.6973749372499226,0.8153541567114517,0.2720516242197298,80,r0080
0.4835438337747224,0.6248379127095818,0.8782330944216612,81,r0081
1.3916286880619166,2.207669914779911,0.0780460598049106,82,r0082
1.3825243944831764,0.7133206697121344,0.6077130939647902,83,r0083
0.7192791668919865,0.9563014421545316,0.487664783618925,84,r0084
1.6037249487488128,1.5892215433733683,0.1527137328374998,85,r0085
3.4410612102565463,3.1692255465097934,0.0936190540542614,86,r0086
2.3853934101323966,2.532366271318127,0.1170269816650352,87,r0087
0.5310632903324582,0.7807711439538205,0.3303015840841782,88,r0088
1.074491666750905,0.7139622949644046,0.8869968568358688,89,r0089
0.778351706017086,0.5813224456582384,0.4011532806185368,90,r0090
0.4087883857528726,0.6185176594147204,0.5187586027140798,91,r0091
1.732173250648943,0.8736082823931685,0.807925561116942,92,r0092
1.069405073858122,1.5094621571373936,0.3280234205588565,93,r0093
0.8457712219195416,0.3261814441097039,0.7592833327859632,94,r0094
0.8185793675345436,1.4343795910976336,0.1036918096960305,95,r0095
0.4805553318862726,0.6210559584857233,0.3392066517791292,96,r0096
0.3489859363414911,0.4845276735097701,0.8552944960052002,97,r0097
1.563518789560434,0.5962737509948276,1.0002471909370854,98,r0098
2.015129602917364,1.8570589649282276,0.0965490424643494,99,r0099
0.7266952271517354,0.6449972123350924,0.9133255678061504,100,r0100
0.4246864356711723,0.3289452846814649,0.5423610184061496,101,r0101
1.1105889645469411,0.8968237044659682,0.0708752850021209,102,r0102
0.6322592430959307,0.5625458314470638,0.4590803779270044,103,r0103
0.5933015928540147,0.7897892182263946,0.4323772290039193,104,r0104
0.5056868096333961,0.4122101991644273,0.7733983725210162,105,r0105
1.93986686829491,3.0507392847447328,0.0391631083284833,106,r0106
1.0912809191369317,1.2732341107170375,0.4672844133983024,107,r0107
0.1707200049101457,0.4806614262318976,0.4842679022328777,108,r0108
2.49113957232977,2.58843420278928,0.0391718455189589,109,r0109
0.7040186349346499,1.4146393570495293,0.0795306802569607,110,r0110
1.3907833980943964,2.1763412395462423,0.3028740008566195,111,r0111
0.9214891826377518,1.4522419201177117,0.2301605076917106,112,r0112
0.2035863341372468,0.2672200015202314,0.3686189694353273,113,r0113
0.5852010247804521,0.9770454566062468,0.0765687499892652,114,r0114
0.2847009503629947,0.3009595916781706,0.9821110605269234,115,r0115
0.9343001311689908,1.8661908456228424,0.0795953591787609,116,r0116
0.6538263528362265,0.2894772280727599,0.7825410527394601,117,r0117
2.1247183416573,1.5689335463352805,0.2885500405155793,118,r0118
1.1129006419319982,1.051985519194972,0.535569330509308,119,r0119
1.2404390681510966,0.8916302359107592,0.9648451388915914,120,r0120
1.9046878945797483,1.5338580283288934,0.3523213669442342,121,r0121
3.271783480219933,2.6096244957952703,0.1441828818038345,122,r0122
2.2778899484014494,1.9728614532187123,0.0911494647247463,123,r0123
0.2105335897885408,0.2307308120733062,0.589894716562041,124,r0124
2.318616368609238,2.9022817650064803,0.0854025161373344,125,r0125
0.8774099517038293,0.6140379837978973,0.4442728594646672,126,r0126
1.7294878031924263,2.3310950557387176,0.0747932181902866,127,r0127
0.7237812638354756,0.355744171465601,0.814380141589632,128,r0128
0.7045420732039759,1.137632147346446,0.3396992021254101,129,r0129
0.9474480705766696,1.171031811740871,0.4067260819991345,130,r0130
1.7044982569042375,2.1548593245044554,0.1042577055724762,131,r0131
2.041314713769723,1.7575989608879925,0.1722896245069091,132,r0132
1.5743134873169595,0.6445831090651607,0.9316262072424588,133,r0133
2.3716064785494795,3.1437109779460912,0.1137666746244751,134,r0134
1.096441969389134,0.8394180799015116,0.623633025393712,135,r0135
0.9038953654008732,1.1117010387343755,0.4264550542084658,136,r0136
1.6559437110806057,1.329676569414529,0.1977129720488179,137,r0137
1.0813188539784115,1.345361369017583,0.2968750878227917,138,r0138
0.9255236151639202,0.736215327247115,0.6340526518250201,139,r0139
2.795637902602743,2.304844764643918,0.1308381832523201,140,r0140
0.6191491269504125,1.1053963813405276,0.2916261810726483,141,r0141
1.321959432662576,1.2879762798709482,0.0938263519982605,142,r0142
0.3204277615388064,0.8452604515831502,0.2477665871014343,143,r0143
2.3326443438900153,2.624787270214478,0.0899244883639023,144,r0144
1.5802621713074632,1.380166121817946,0.2747789708137126,145,r0145
0.5117803086216269,0.9222681705493272,0.396454521067,146,r0146
1.5925694584246148,1.529648234209141,0.4047057594787903,147,r0147
0.9950842116669352,1.6681090654331,0.0700861530865658,148,r0148
0.1909088074350166,0.494345918155622,0.6455279442658248,149,r0149
0.5490904048401622,0.9371381351488264,0.5340147557082088,150,r0150
2.1308876396295737,1.464034768413478,0.3388059356092213,151,r0151
1.9087433029771992,3.3579556054575757,0.043805399714638,152,r0152
0.7888166503404775,0.6147371958136344,0.4512407866948703,153,r0153
1.4774623458275973,1.17673580493357,0.4759635972817161,154,r0154
2.0592942906323084,1.9268933057058728,0.2156320725747694,155,r0155
3.6028734476456963,2.7444498944486777,0.0954246757858205,156,r0156
0.4435170209537832,1.0186056727066182,0.4480120727749236,157,r0157
1.5560926486385511,1.7069662717593996,0.2586919372417125,158,r0158
0.2693934213921182,0.6685725786711816,0.2417436826086324,159,r0159
1.562461577760604,1.1983373771797572,0.2782900127534707,160,r0160
2.5664948356247534,3.0302352163345145,0.2202434569405663,161,r0161
2.1211230273409436,1.9151342323457228,0.0753588360674068,162,r0162
1.5643415572322827,1.5311421237737368,0.231319963630508,163,r0163
1.2660963104438796,1.8465816080608717,0.1852035559977487,164,r0164
2.0722084232842164,3.4624151992388965,0.0463851357345688,165,r0165
1.8557576676656184,1.9286418368586145,0.2766087597190622,166,r0166
1.581516515069891,1.7560079362478096,0.1047918436472703,167,r0167
2.616863737290747,1.789183023597127,0.3092827342880274,168,r0168
1.1089395898335133,1.3489082117440443,0.1755695669990247,169,r0169
0.9975120461842696,1.6787499105158306,0.0864533846455842,170,r0170
2.9840437766991985,2.7677144005006977,0.1055200354902002,171,r0171
2.131797399730728,2.37807435276622,0.1719403830740953,172,r0172
0.3971024286220206,1.273956237328585,0.2277770343847889,173,r0173
3.0554065876587067,2.039840002309043,0.5681897008163063,174,r0174
1.6390204707529696,0.7951372442626645,0.9013738832724768,175,r0175
1.7011277109876584,2.008373338570326,0.2348753007183992,176,r0176
0.5258684251323998,0.2299791896685955,0.8931970158580758,177,r0177
0.5156955617680417,0.4782029383239458,0.9705153595085986,178,r0178
1.2785952269693694,0.8219444227392714,0.7956213523892804,179,r0179
1.502437628626624,2.105293173376874,0.2397349592212417,180,r0180
1.520843095693728,1.0336295456488434,0.3096799003920309,181,r0181
3.070580540814893,2.6398737143280493,0.0686491789903368,182,r0182
1.5455428762742105,1.231282306780184,0.4179756256177288,183,r0183
1.2006603535342604,0.6125134683874477,0.811288968331801,184,r0184
2.419167892586194,3.230449696828948,0.042079062073016,185,r0185
1.6726937935427897,1.3218178496078123,0.2698860178701892,186,r0186
0.186932864607884,0.647993309669667,0.2662836210224055,187,r0187
0.511796448902637,1.0266702271326344,0.2329492987894013,188,r0188
2.93877729556195,3.047789240513081,0.0956821827474276,189,r0189
1.741039203875036,1.684668513593245,0.2478066731054173,190,r0190
1.4155704024476443,1.4944811756595522,0.3969393624658487,191,r0191
0.1422741151412,0.7104444870129555,0.1942922928027422,192,r0192
3.284611526728077,2.562196023204635,0.3167301153788989,193,r0193
0.8036023412170769,0.7921360433040678,0.4574863262745355,194,r0194
1.3050104885306184,0.9047654120249252,0.6820561955839307,195,r0195
0.7776277672122803,1.1343908195225916,0.1839394724832253,196,r0196
1.1390088925878754,0.5994182951435677,0.458892661573639,197,r0197
2.6286729800433934,3.0432128690305538,0.220109257890894,198,r0198
2.3731508761012443,2.6907475859461454,0.0521679001992459,199,r0199
3.1247819328720494,2.483344189356437,0.3144160725929321,200,r0200
1.1287134410207875,1.131725373045179,0.4730587635388383,201,r0201
0.5419980333241675,0.7100574175074384,0.7076252591895422,202,r0202
2.488870381978051,1.5430017021841866,0.4079127067154802,203,r0203
1.2261354062648613,0.9135205584797156,0.9430316556216228,204,r0204
1.3162994237385215,1.8687615651833656,0.2303589848481518,205,r0205
1.5304176760283963,1.4714815266205887,0.1948361952661336,206,r0206
1.1441514294043882,1.1700967673514815,0.0599076473520048,207,r0207
0.4626102794327102,0.6365938481080837,0.5792879140708361,208,r0208
0.5471416846205587,0.6381812340775528,0.6037054744428957,209,r0209
1.4463189215131045,0.5033871499841799,0.9281732354876696,210,r0210
0.4751859921840647,0.8491336184688973,0.3981315298278782,211,r0211
1.5976361336272018,0.9415132245640612,0.7483239366069744,212,r0212
3.1172953197341284,2.593903728783861,0.0443103269215078,213,r0213
1.5861103304373336,1.4552572117691005,0.094593933818391,214,r0214
1.103894322394257,1.0752426259080934,0.6152976719935078,215,r0215
0.5900003230404098,1.1468070730107516,0.2019982745013434,216,r0216
0.6464166033418888,1.262507338572494,0.2176680850041202,217,r0217
1.984326924488916,1.5430970623690154,0.1598262002269364,218,r0218
1.1237946049658198,0.3557816864961867,0.8879246718976275,219,r0219
0.8980432563308957,1.182984631518601,0.3040173331603131,220,r0220
1.7393602230100238,3.2880906936554664,0.037670318139148,221,r0221
1.5172068279868784,1.8106238484755084,0.1155196650196835,222,r0222
0.98962860620531,1.6159895138429934,0.2006827290392382,223,r0223
1.0836117229403583,1.9775069382233688,0.0731068194592153,224,r0224
1.4350297416680662,0.9035475638317572,0.6245491710000661,225,r0225
1.2121464865688327,1.841095580382221,0.0626174126455728,226,r0226
0.8992559375652109,0.7194975244521049,0.6608678503324663,227,r0227
0.9675380375932487,1.2275822261613565,0.259396467292851,228,r0228
1.8213645532909952,3.390798586694483,0.0732850297789189,229,r0229
1.59867684360608,2.808898122876209,0.0423742876456007,230,r0230
1.2867969139051991,1.4828141163892663,0.1787015715061835,231,r0231
0.3631166250748753,0.5402117169231563,0.0701317956949851,232,r0232
1.6467626882943431,1.5416918866168463,0.4607614473480848,233,r0233
1.901727642203884,1.8624918481374595,0.070876284293507,234,r0234
0.8669037787804768,0.5447085191904724,0.7963691010447231,235,r0235
0.6351989593066506,1.311059276804693,0.2109063217052055,236,r0236
0.5083214031934113,0.6728927768583159,0.3885781647722,237,r0237
1.1582855290983507,1.556086079387319,0.1640936991354688,238,r0238
1.809246266975152,1.3384632179343152,0.278713248573571,239,r0239
2.0052210925257516,2.6102803835037016,0.0575435421040269,240,r0240
0.5641717236876962,0.9154709127634374,0.0537841326633049,241,r0241
1.350039234515486,1.273033434194421,0.4006143655150684,242,r0242
1.3094330323309675,0.9827081777063236,0.2612885011007482,243,r0243
2.817812713511233,2.5202149143931716,0.0914502789840828,244,r0244
0.3016672339318971,0.6741546721234307,0.1718961431316894,245,r0245
1.6415491586865372,0.9968038167018198,0.5671100462954044,246,r0246
0.978518171143094,0.9651182625125544,0.4759366794710341,247,r0247
1.993907986103146,1.7915897862045225,0.2557842958432314,248,r0248
3.3235831922774706,2.694260501907227,0.1146588783637052,249,r0249
0.6183631494956295,0.6737484848300962,0.6338739403012305,250,r0250
2.2676524953789485,2.331090635775299,0.2627010259970166,251,r0251
0.5561356992240161,0.8979587636180139,0.1624821672048487,252,r0252
1.0780271973632836,0.7039459221672617,0.804840793770885,253,r0253
0.342663990980402,0.2729070973333107,0.8039427054845978,254,r0254
1.4681306604643818,1.7377322791238123,0.1997251529612713,255,r0255
0.9075594857990528,1.294594003364889,0.4004212765469657,256,r0256
2.551769894278702,1.7089910844191387,0.2569939011279832,257,r0257
0.8454634151418394,0.908136192392278,0.0923378762016206,258,r0258
2.249902925063005,1.7554239732156454,0.1396362177418441,259,r0259
0.9887524137768458,0.6320265050492788,0.7474985462242044,260,r0260
0.2669423278187925,0.6777313481168825,0.1157854407811677,261,r0261
2.0523123128550194,2.477027415415322,0.0623887653900545,262,r0262
1.376675568768057,1.0270074367280722,0.6181497691023017,263,r0263
0.3638556453276341,0.6714514790920381,0.5703839792607467,264,r0264
2.0050192792332875,1.80621056574644,0.248486450714219,265,r0265
1.5944926040667222,2.397738143258637,0.1700889777944497,266,r0266
1.283418407019158,1.6431515658166729,0.2233201597192658,267,r0267
0.3051382271930462,0.4374132901840583,0.1210531377849385,268,r0268
1.3265093452697578,0.8228776592581057,0.4489634853800955,269,r0269
1.154671379344028,0.716669142338923,1.0020219599319171,270,r0270
0.3821122495838266,0.6316214620839224,0.4967062582468295,271,r0271
2.5833811246076865,1.7001216097007656,0.3346458652628971,272,r0272
0.4941882687288179,0.8751444374972919,0.2785620149977836,273,r0273
1.6231919904056522,1.442041708350403,0.2645713459408418,274,r0274
0.5761806618441567,0.386268326705259,0.9893231824833544,275,r0275
0.6189353334901414,1.411141894409124,0.0637992454051639,276,r0276
0.7256116942914668,0.5285718806485632,0.773648709171206,277,r0277
1.2338557831931831,0.9097933357695416,0.990489554929193,278,r0278
0.8186126416914004,1.0828386273288746,0.4526088792876306,279,r0279
1.0694089946887162,1.8423096063353313,0.1271323815611403,280,r0280
0.9338936205351828,1.3688352961400654,0.0812491165891113,281,r0281
1.8258800103211732,1.874285013600122,0.2382601616271716,282,r0282
1.381459469072075,1.805632610969009,0.0950640585913827,283,r0283
0.7388612548227372,0.3302174775576258,0.8492678183008024,284,r0284
1.3559317774906716,0.6766838016149995,0.9945735017240214,285,r0285
0.5590811283294398,0.958254913627674,0.3670524630099071,286,r0286
0.6994882972146208,0.5748749126763271,0.730544996523559,287,r0287
1.274880268361218,1.7200225095130892,0.2968356463626854,288,r0288
0.924752467051346,1.3708323701534004,0.3549070837906296,289,r0289
1.153462050516827,1.3395221011537335,0.2546009807027325,290,r0290
0.6325290907085259,0.9828586674457468,0.087703694547006,291,r0291
1.6450191910952985,1.2696447808521176,0.1891051036452185,292,r0292
0.2954867410482898,0.6040297454811094,0.0335769476374578,293,r0293
1.6763006383193082,1.613154110563923,0.2951610320174856,294,r0294
0.8507439167348705,1.1539441156344972,0.2621377878393751,295,r0295
0.54072174479967,0.9515708639204244,0.4730910910679143,296,r0296
0.7302087424574324,0.6360534640840597,0.589567629262971,297,r0297
0.367347827010872,0.6390014221401235,0.4742385585638937,298,r0298
0.213754256375405,0.4992416311423283,0.5444450948552363,299,r0299
0.8432904540843238,0.5437036477558594,0.7253002204601349,300,r0300
2.1906700004337325,2.810069051386394,0.050885607392806,301,r0301
1.2334836917848375,1.4537325084095478,0.4541891033325828,302,r0302
2.3231418632173733,2.429715083246296,0.1285795982619461,303,r0303
0.3634974899092168,0.7663692000100832,0.5392781511949403,304,r0304
0.4617835207662491,0.780176801576588,0.0936652582258267,305,r0305
1.4028220297969909,0.9499821080829044,0.7825664563636663,306,r0306
2.0535024588242172,2.239039420803519,0.1358999709749446,307,r0307
3.1732700441732,2.8388333297204777,0.3506830547387437,308,r0308
0.8156298626998316,0.9124296250239484,0.0505248316794763,309,r0309
1.6452941998941866,1.1902985406966031,0.3964558127911997,310,r0310
1.9206729762854535,1.9811424119232028,0.2541557432363147,311,r0311
1.2647739380916458,1.054469899275608,0.3880735322784887,312,r0312
1.0096530034175242,1.1470076657909147,0.5447315219114697,313,r0313
1.1181200697622748,0.6847904856709208,0.3469775240318584,314,r0314
3.290342248935234,2.687226054010613,0.1034664745778418,315,r0315
1.6466684884749374,1.2247260684989831,0.177147605183445,316,r0316
1.959147486522221,2.0886881767907894,0.1081630239497817,317,r0317
0.6661192011309977,0.2759948630516777,0.979299068355886,318,r0318
0.8688504829692857,0.296256060203614,0.9583315293257602,319,r0319
0.1873432351889675,0.2640238538783044,0.3229719824435629,320,r0320
1.7244149060801082,2.4818467656593186,0.1032412031509905,321,r0321
0.4657197183570737,0.8204375350415323,0.5126380875867511,322,r0322
1.739590529811307,2.259133858964813,0.0782158099696927,323,r0323
0.6765294602382653,1.0981937676773696,0.3011190912310013,324,r0324
1.3561683738879615,0.8867575095213304,0.6259999977985712,325,r0325
1.644561332549091,1.4655884305063585,0.5048279337912857,326,r0326
2.8027585164531987,2.142891642130647,0.1832140578514455,327,r0327
1.3634843006029504,1.1940076955575396,0.4783671416002851,328,r0328
0.9781890533216984,0.5997245635521076,0.8969499209732803,329,r0329
0.8419678221138835,1.5335680415748725,0.3760798572876052,330,r0330
1.9648102115728152,2.6171488785183237,0.1631307637004805,331,r0331
1.3803672182268223,1.0102954203406391,0.3897091947160734,332,r0332
0.8982817772660749,1.3162855525029862,0.3600177462092381,333,r0333
0.5268268471424091,0.5607222115225929,0.7518286453095434,334,r0334
0.1730159269162161,0.5586489040212861,0.2181523069192367,335,r0335
0.4322603615534454,0.6090254485299914,0.1613332401679469,336,r0336
0.8788598728851468,0.6210466806123386,0.7181408325452634,337,r0337
0.3248397165055724,0.8262660574099716,0.0880422995850752,338,r0338
0.9841409393435736,0.4183543265115655,0.9565648615957616,339,r0339
1.2979598436695996,0.7518565439111407,0.7507783500995434,340,r0340
0.924441768828468,1.7705134980872297,0.1497020191171532,341,r0341
0.655760102661502,1.3101717834055138,0.070552083355165,342,r0342
0.6396873518793895,1.4580802655508724,0.1193276227775061,343,r0343
0.8233016116387872,1.0765882700290124,0.2506636313837502,344,r0344
1.5973881538985346,0.948654210953514,0.7382805157040081,345,r0345
0.2328665341361454,0.5403479031182815,0.1968152761361482,346,r0346
1.0106516787325226,0.658949263032894,0.7489938198497139,347,r0347
1.673792656115276,2.1205536134003737,0.1491937806855937,348,r0348
1.0324070077210117,1.0526671064845186,0.1265907843871425,349,r0349
0.9209679104046256,1.616792444432716,0.2485010684036665,350,r0350
0.6594709644154586,0.969899240375696,0.4897643581717529,351,r0351
1.1852142615428842,0.390745425937956,0.9889607916341592,352,r0352
0.9095273886246904,1.2290088049832832,0.4682394709451398,353,r0353
3.64049444287051,3.314457229971071,0.0854385579132397,354,r0354
1.8677666905462915,1.761259580813889,0.1394971295606063,355,r0355
0.1934306527451888,0.8769975695424715,0.2535986705486113,356,r0356
1.075518661297272,1.1217752009168092,0.4479930732338877,357,r0357
0.4665112715218543,0.4202617154161412,0.2420514498565598,358,r0358
0.3454101880504107,0.3654884029018495,0.2226327164782763,359,r0359
0.5820540400499916,0.8311305350596511,0.3165664744227703,360,r0360
0.9510758886617056,0.6001188096652033,0.5648683071823191,361,r0361
1.0217810555843865,0.9785969168874352,0.0920052548252187,362,r0362
0.696866638647978,0.8219685879197021,0.3717628522191776,363,r0363
0.3479387681996826,0.41031295315071,0.8771906171332409,364,r0364
1.5377975862793254,1.424713229610853,0.3626997315990938,365,r0365
0.7340819447101576,1.0446399942777331,0.191959827491862,366,r0366
1.410400529384065,1.8573417665037537,0.0602747053123053,367,r0367
1.3202170423696755,0.604543498903607,0.7105392116832759,368,r0368
1.4407815354047302,1.4390790573520478,0.0481491697953886,369,r0369
2.201273540551623,1.410603899493647,0.4779278565543303,370,r0370
1.5703991516581564,1.5630199695416158,0.1467780342436684,371,r0371
1.537546004475714,1.776231829489721,0.1103226665009409,372,r0372
1.8519172079507555,2.6136265981854314,0.0990098379834262,373,r0373
0.7881312778578877,0.614239375831498,0.9389908777209348,374,r0374
2.6351140680780913,1.8123904924371288,0.3111202197874264,375,r0375
0.9893506048531596,0.7602501532782656,0.6560824469692979,376,r0376
0.5416766709102631,0.5652192376801383,0.6937371732264201,377,r0377
0.7345646053329717,0.5513849982596983,0.9008565933586884,378,r0378
0.61879505564105,0.4356629109458786,0.3286089366739812,379,r0379
0.8229812213545987,1.1923340201904111,0.2152904005224757,380,r0380
1.0522731904078868,0.9977972815362026,0.5439294524524239,381,r0381
1.135444062943562,1.5096362766688107,0.2664763498788828,382,r0382
0.9202229621942596,1.6118643360565696,0.2956442241411199,383,r0383
2.5602295915215674,2.276385475823871,0.1836399542469026,384,r0384
1.719097818526975,2.570480484505386,0.0452879642899274,385,r0385
2.131468680348461,2.4945887539790785,0.0799725940243549,386,r0386
1.8310101474949707,1.7875794399591016,0.2483592644323518,387,r0387
1.4328150001105733,1.2376999451654698,0.542893773316905,388,r0388
1.6738150972402397,1.264896742003516,0.3260361416688953,389,r0389
1.1821298185287463,0.8861650781631565,0.6001741600993743,390,r0390
2.0242463588333783,2.6832148150087898,0.0486086968026493,391,r0391
1.2205371796981,1.230523930046161,0.2041911273870619,392,r0392
1.7186177983112056,1.148415843715508,0.3054675742158174,393,r0393
0.968157607046204,0.531566306434595,0.98916962390972,394,r0394
0.6531030309556639,0.5489169011605842,0.8740828452545489,395,r0395
2.4520320010430017,1.903540373146976,0.223179981934331,396,r0396
1.6385139530796715,1.2127308043575509,0.3777588340687096,397,r0397
2.297689187869703,2.8668997162363117,0.1298964901759485,398,r0398
0.9474574708559174,1.6550631040267942,0.1632183668373398,399,r0399
1.12314277498985,1.310418957161415,0.1037973967058666,400,r0400
2.1386551240116107,2.8096332746887405,0.1656887957996813,401,r0401
1.5176135427655948,0.6946189539094815,0.8751222984298735,402,r0402
1.105466587532143,1.3138190521908697,0.1288291487703153,403,r0403
0.8719412429335294,0.6862044029914754,0.1920772464528446,404,r0404
2.2665481337083224,1.7099301272256713,0.1888514035023729,405,r0405
1.422435273235167,1.4111688795187196,0.3755626074067971,406,r0406
1.045017643497666,1.947273443419256,0.0634431385922916,407,r0407
1.421987335109781,1.0308070935075526,0.5561118022791505,408,r0408
0.9521134120873638,0.8430354988373784,0.3096896720960683,409,r0409
0.2697701459707882,1.0141844791148726,0.2491737208867578,410,r0410
1.4321276050559046,1.9023671212838689,0.0643356092119522,411,r0411
2.084561647428802,1.4785369016607088,0.3411504565781174,412,r0412
1.402679948526757,1.269579770587569,0.2324479767992485,413,r0413
1.1948578790483966,0.6613664891638605,0.9008024929573196,414,r0414
0.963892140033314,1.473130662861636,0.0681348498577508,415,r0415
1.333061928386939,0.8345999151335491,0.4531317384150113,416,r0416
1.010799156402189,0.9049854823499304,0.2087897851641897,417,r0417
0.7422615707012383,1.2568082140536294,0.0715859987844771,418,r0418
0.558895886461005,0.2988064194882456,0.628114710150574,419,r0419
0.7256546750474469,0.6778094736876034,0.291225182393957,420,r0420
0.7983143357881317,0.8814648270074,0.7159326510733722,421,r0421
1.0376989435440198,0.6088458425434667,0.353621536896373,422,r0422
0.7748156413969032,1.6461353850652758,0.2744093321200477,423,r0423
0.6112349360291741,1.480635793737104,0.2500150120981088,424,r0424
2.05753644403059,2.003604980277777,0.0982184615242056,425,r0425
3.313098970056903,2.792895653854166,0.3400461514991053,426,r0426
0.7599425629122344,1.1208310803563553,0.1486251438536771,427,r0427
1.531345774885319,1.3923497743811488,0.3281202890336894,428,r0428
0.9567485075082072,0.5104068476013089,0.6501987010417599,429,r0429
0.5942618811128537,0.3933731483658236,0.8845837604117074,430,r0430
1.1756113321496175,0.6391375078537018,0.7321854079046525,431,r0431
3.1453338160778253,2.1656123479218907,0.6080481287790978,432,r0432
1.424157248630212,1.3605794449826534,0.3165637055391601,433,r0433
1.2226885986565248,0.8595599769097433,0.8075458070045227,434,r0434
1.580221741305806,0.7161204027317793,0.8614380225557668,435,r0435
0.4535147874164135,0.9739953706783216,0.2428844823810129,436,r0436
1.4082064227202449,1.801807753181451,0.2839051754919425,437,r0437
1.583747489625876,1.6058282464903164,0.1621776088055515,438,r0438
1.3829476026392926,1.7269322408353052,0.2794928612217633,439,r0439
0.9582077140027836,1.731223914402379,0.0816272812334043,440,r0440
0.6564015743903429,1.4458099378357416,0.3060378131637373,441,r0441
1.1522361203380471,1.950901100483558,0.0812678952999108,442,r0442
1.4632246013484758,2.265033722912943,0.0793936652147821,443,r0443
1.3952692480168354,1.1276326350653396,0.6130121539860799,444,r0444
1.3213190742711176,1.9661904686558171,0.144134315439063,445,r0445
0.833351918645365,0.4730362383119709,0.6087429979402611,446,r0446
2.103151527848115,2.2596247671965117,0.0944406368733142,447,r0447
0.3854643219084945,0.8490594471670748,0.1404947459839939,448,r0448
3.27480510409906,3.837494125857178,0.1608017744128874,449,r0449
0.7408917540422754,1.008462095704199,0.4858095073952808,450,r0450
1.6421809191580026,2.823846381633995,0.0992342198828289,451,r0451
1.553761874805614,0.8301200725057143,0.9572120296404376,452,r0452
0.8359959531994223,0.2606683775334486,0.8430133104295134,453,r0453
0.4570592345652288,1.241414682022861,0.1210109190992502,454,r0454
1.012930518508444,0.7823916963339834,0.4341406712917059,455,r0455
1.232680950570579,1.043819768427643,0.4025919188371166,456,r0456
0.9015994318983026,1.4750989710160487,0.0572623593223465,457,r0457
2.138034703437779,1.919520090772816,0.1567007616480542,458,r0458
0.1479110791205541,0.2963447775758292,0.8048280833777146,459,r0459
1.303632821796891,1.5249891237077666,0.3354101089609112,460,r0460
0.8164292896059069,1.8066448014209668,0.0758535784184431,461,r0461
0.3860288360666215,0.7263947551469724,0.3201288341512093,462,r0462
1.2335454382872175,1.3054928204984195,0.4292357896328579,463,r0463
1.4798084122439508,1.4565186442255402,0.129041145152442,464,r0464
1.6750974494433477,1.95465409669504,0.2350543828239572,465,r0465
0.4998760271710347,0.9397020852824404,0.1228167217408112,466,r0466
1.150107090860673,0.3658520004725632,1.0236956596705886,467,r0467
0.7073761444456781,1.0813739273118326,0.0784968896642784,468,r0468
0.5503187368272195,0.7585588186860508,0.4992604790227737,469,r0469
1.0699038591514858,1.2646191547165675,0.4230524816561591,470,r0470
0.863913868334109,1.658302768066543,0.1701011417423656,471,r0471
0.4482422048849304,1.3275854439055106,0.2062983236965148,472,r0472
2.655132253793629,2.121067228735125,0.1416117162784547,473,r0473
1.7903342378498202,2.534792588659568,0.2259206390879089,474,r0474
1.9734641705466935,2.321946463419451,0.1759707185899316,475,r0475
0.7230675801535348,0.4089190963659923,0.7282752164969012,476,r0476
1.1182349093027597,1.5521303041430368,0.0999607518176133,477,r0477
1.8345515945200424,2.3020564021917576,0.1789979990344922,478,r0478
0.528297298826623,0.7979882561648518,0.4359582124609656,479,r0479
0.675818076108834,0.7368718371742101,0.1714638237332258,480,r0480
1.892437565373996,2.1783488803252173,0.1654778877109696,481,r0481
1.8664761208515448,2.6293338475679646,0.0466814856175853,482,r0482
1.5810438701038072,2.1644871679757123,0.2890899054212936,483,r0483
2.260546713775011,1.991705363582514,0.1457477561237065,484,r0484
3.4799857043083993,3.3527726302483636,0.0513977001376809,485,r0485
0.7628806991211532,0.9270897338833082,0.5709680023559,486,r0486
0.992250585982025,0.7214764260777304,0.7027905236298503,487,r0487
1.0424632036262045,0.7204049684945119,0.2652057528150714,488,r0488
3.4897012445367417,2.6279969993566556,0.2088825275578275,489,r0489
1.3831051355366508,1.1541610963444446,0.5632446415781462,490,r0490
1.3510385667191196,0.9978209976257144,0.6560648868441675,491,r0491
3.219092565047894,2.746996339670462,0.3462714444968804,492,r0492
1.104627819713378,1.98701522873309,0.1594587149973535,493,r0493
1.5286744412315043,1.059783724202502,0.6113442487031073,494,r0494
0.8713006710316922,1.4938803683101542,0.4770701749889846,495,r0495
1.48851896846882,1.6522403145391893,0.2240828562118571,496,r0496
3.2563434723669404,2.9405293528674092,0.2767028592050674,497,r0497
0.8796276622945612,0.9193038969691576,0.479951801632605,498,r0498
1.646730231049938,1.3442653195073144,0.1729875954312255,499,r0499
0.502179968073639,0.2855000815749864,0.7588989211851802,500,r0500
1.2705128187148147,0.8322942075730865,0.9630218045380152,501,r0501
0.1618601073982628,0.5622906265178255,0.3468948569077741,502,r0502
0.544893508061925,0.451254237209691,0.6903191147852807,503,r0503
3.396396758492163,2.5702681224553077,0.1279634678776467,504,r0504
1.9667993077871524,2.627098761400221,0.1350465107663619,505,r0505
1.4387702100328554,1.3028863354253162,0.066793716252259,506,r0506
1.4969286840642853,1.8918299023026677,0.1208945253242568,507,r0507
1.7784267549645918,1.4718513311715258,0.1589745310057545,508,r0508
0.4497121963059751,0.8764359286205989,0.4846830584272501,509,r0509
1.5346078655353563,2.1601737078597094,0.117956966214154,510,r0510
1.2634194659982332,0.9148282405601824,0.7280263883002286,511,r0511
0.2710275339268046,0.4936261725665739,0.1226514293267928,512,r0512
1.1391353268646165,1.9854822619660972,0.1441090682684824,513,r0513
0.1876276028839605,0.3565384171395923,0.5789105104072815,514,r0514
1.8084035801812055,2.356740970403804,0.2205228036072678,515,r0515
1.0875716161055475,1.6048357567862088,0.0788219228643512,516,r0516
0.7466500979619912,0.301330997373652,0.9109493233618378,517,r0517
0.6575334640923753,0.7109755582548538,0.2295534729058478,518,r0518
1.2809782463165318,0.7689334376401894,1.0127478782763024,519,r0519
1.5029233172722023,1.8589949924040143,0.4252511611127325,520,r0520
1.2850955843492482,1.6148330862011384,0.4289073464701233,521,r0521
2.4390092528711715,1.972029068340836,0.0585786996973239,522,r0522
2.584767598896953,2.3053009304337273,0.2309667852217494,523,r0523
3.669734491161912,2.8500426493243913,0.1851742025975087,524,r0524
0.934314156787218,0.8063576862835924,0.3418859147418083,525,r0525
4.229775243390247,3.257686066896894,0.1161192388476668,526,r0526
1.6924224508939467,2.2363632108777947,0.2055999483498532,527,r0527
0.5937026618335755,0.5248640655182566,0.604517877317806,528,r0528
0.2007752544387365,0.614119232328085,0.2713634896022289,529,r0529
1.1852796637334984,1.1002342168150074,0.1337131603359434,530,r0530
1.037774333952297,0.590080746746344,0.8499422000136999,531,r0531
1.5178540591119791,1.2627766093616244,0.1453418160573981,532,r0532
1.4488375849579993,0.6112350264302762,1.0017093148202767,533,r0533
0.2028991384376126,0.2352789786994871,0.7842553799548435,534,r0534
0.4088119346870112,0.5137145079399151,0.0858592594590454,535,r0535
2.3964400226438625,2.245870244645302,0.1639747147554388,536,r0536
0.2621946416438515,0.4250964412432343,0.1484488271892591,537,r0537
1.803276463039192,1.5216585584227922,0.2358755224580239,538,r0538
1.6638433862745012,0.7767606824189971,0.9231865910297422,539,r0539
0.880475819776731,1.3589100646897818,0.2871024010238345,540,r0540
0.6626741925321974,1.045698575880511,0.1111582844055299,541,r0541
0.5442334596607841,0.5867505419555327,0.7791193374594972,542,r0542
0.7848381025361546,1.4863814679143572,0.2838506284720068,543,r0543
3.3270227168021744,2.4694788766900455,0.1393129760962681,544,r0544
0.817765037411308,1.1575304720233537,0.2119123616703459,545,r0545
1.7270098188700131,2.070225377153253,0.1230034628608162,546,r0546
1.2259043877934996,0.7916453852310757,0.7784938327845347,547,r0547
2.184724461577236,1.688101460951185,0.2025087996891194,548,r0548
0.5717177433449433,0.3228012696989685,0.9917223797587496,549,r0549
0.3208516123784257,0.6123210409552375,0.4767969112867589,550,r0550
1.2035510812825432,1.0871025217437522,0.3764491119445416,551,r0551
0.5679356081186528,0.3165266693674431,0.897051454514401,552,r0552
0.5114758616944861,0.3904176352940377,0.8333154502614097,553,r0553
1.6183835151156225,2.302465539043552,0.3000286736125768,554,r0554
0.4211830964423209,0.7557558156648817,0.5609578205465706,555,r0555
2.937148235585352,3.214179814326079,0.0403978977765161,556,r0556
0.1420807452783164,0.4261011610539681,0.4672975146729292,557,r0557
0.9262108355209674,0.8720248067550508,0.0990512669018355,558,r0558
1.148147936074042,1.1720482310206677,0.295882600943669,559,r0559
0.8885650753829545,0.6577064559706061,0.8297495007217469,560,r0560
0.4258909002063526,1.466339108444883,0.0844858741072507,561,r0561
1.564519602372477,1.689134591266175,0.1655579355719011,562,r0562
3.653311552137796,3.4800238038582547,0.0716710586231106,563,r0563
1.5531010653253483,0.5332128634070803,0.9977613456284186,564,r0564
1.4309341919985945,1.462373186262271,0.3515925663805428,565,r0565
2.477019667810207,1.6171955733359875,0.305849456476842,566,r0566
1.7880622481386963,2.4883850513624295,0.1498845319124536,567,r0567
1.1958735130518854,2.1619042949961265,0.0940295429062962,568,r0568
1.2193578079285297,0.6176757234005807,0.6828805825678279,569,r0569
1.2986615280799103,0.5769957762551929,0.8144692972119554,570,r0570
3.375918287130547,2.999695154438967,0.3159107328133382,571,r0571
0.2306032936014544,1.1567026298805867,0.2680297794555695,572,r0572
2.681284316335437,3.243995701588896,0.1277659454630492,573,r0573
1.042726007229307,0.713528649606094,0.3496235226628091,574,r0574
1.4104625870977434,1.655469668241701,0.27117805677439,575,r0575
1.346967895249593,0.5109223308482927,0.9663105822297438,576,r0576
3.208010065495014,2.421644098320185,0.1306176582622866,577,r0577
3.261866174909845,3.785001121228031,0.1107166874339302,578,r0578
0.2485087785046198,0.3729798545656054,0.565530246857824,579,r0579
1.1337820306274962,0.7043665541598788,0.3385578889597401,580,r0580
0.566280072842239,1.0081322444396768,0.2789196806282333,581,r0581
1.0282008389770003,0.691647216862495,0.3082529423270167,582,r0582
1.5904141489517114,1.8410056028122976,0.3318962629945956,583,r0583
1.252198506122224,0.9215877031330484,0.241138934367919,584,r0584
1.498588579410453,2.3115247500268765,0.121600770163468,585,r0585
0.6765875259747037,0.6326597472171528,0.8419409190647745,586,r0586
1.931039087316524,1.5933578815887706,0.1227346085201781,587,r0587
2.7693881949119494,3.322888716316593,0.0636820847225735,588,r0588
1.4980579500930415,2.2144988139807764,0.0534131671231769,589,r0589
1.5680097033842275,1.28184663800984,0.3545709963265526,590,r0590
0.937061708154699,1.4247671361010812,0.474551405658081,591,r0591
1.3198435328723332,0.878058110733873,0.7945688473592466,592,r0592
1.787453030208764,1.7651151200831143,0.2988246020974448,593,r0593
1.8111042129375696,1.1549444517331178,0.3117828940046005,594,r0594
0.8513933693728648,1.1830307645243454,0.4782802860306999,595,r0595
1.3496150668517788,0.468501365750721,0.985808796169119,596,r0596
0.8986880559156449,0.6667760785797726,0.6356852621075636,597,r0597
1.3775256940896596,1.7480009913477923,0.0502887665422051,598,r0598
1.181440271959579,1.6552814214115872,0.1229662193691673,599,r0599
1.6056623717393046,0.6947199090712246,0.834372936125183,600,r0600
1.5645925582018083,1.027715215583317,0.602839136599531,601,r0601
1.0661712198276518,1.214582702254968,0.5736056141439513,602,r0602
1.0153015168683377,1.0360481337964371,0.7313975514244527,603,r0603
3.0484089422864407,2.236052003389959,0.1222175514442587,604,r0604
0.3631480571923419,1.0246378828330536,0.1776946529542108,605,r0605
3.6597796151544992,2.918908018443506,0.1134142862239489,606,r0606
1.5586068272328564,2.0940504759688703,0.1133764412794267,607,r0607
1.124274733682741,1.5991312316412187,0.4564706133883758,608,r0608
0.7755018201287311,0.5775322250832216,0.2834869535249167,609,r0609
1.5360994572102942,0.9554592831289048,0.3656604885519136,610,r0610
0.5115637139513457,1.3854871890815872,0.2362433069716616,611,r0611
1.4957108531545344,1.0823186161540144,0.6206182542861892,612,r0612
1.5593839519194703,1.770869722136595,0.0680554828534127,613,r0613
1.337117556788883,0.6511836342502251,0.7961285892718611,614,r0614
3.367139834095624,2.977693750012264,0.1550917215737419,615,r0615
0.5211731981401422,0.6260698048312664,0.4730778135752469,616,r0616
0.6023902375818984,0.3862581606583216,0.5689208987545351,617,r0617
3.306026280381771,2.9379269225004983,0.3535094111943861,618,r0618
0.354274270973555,0.4265613857828894,0.6248157128234858,619,r0619
3.4739028438745607,2.760336978197041,0.1295028453393553,620,r0620
1.3768833068990265,1.0967775298866436,0.485271380550693,621,r0621
1.904758740762675,2.6780166120813877,0.0333681104726594,622,r0622
1.5328920106884647,1.7395754281635325,0.3185583305353979,623,r0623
2.4220731366354635,2.0967230745782395,0.3058431211224272,624,r0624
0.631063918712853,0.819134033597929,0.6419669306200132,625,r0625
2.5787502395915443,2.9969065195372373,0.1887136956572598,626,r0626
1.3478756916718,0.9970141336720104,0.6911889904377396,627,r0627
1.400431625422536,0.73851531706703,0.9140953292257948,628,r0628
1.184579419849739,0.9766301221918212,0.5287003917318027,629,r0629
2.805254249315054,2.4252090592981226,0.1124537413176924,630,r0630
0.9937481764026204,1.1619967701415157,0.4244228503761364,631,r0631
1.445115331361119,1.0061906377916907,0.6102338145542171,632,r0632
0.3686407257352335,0.5571478900985508,0.2739673633443732,633,r0633
0.3173434793220997,0.5746688111371904,0.6767227295964934,634,r0634
1.1920327686284429,0.9092109427816312,0.3188093091131488,635,r0635
0.8723058003124459,1.2252643567698196,0.0583324427068625,636,r0636
2.240597169726629,1.7657220113381176,0.1598752642606011,637,r0637
2.012270818492005,1.7266651105764412,0.0869344839566514,638,r0638
1.40297212367567,0.6083556374892792,0.895400728770564,639,r0639
3.4102264400420923,2.833487634679959,0.1391392615857403,640,r0640
0.4839059924795383,0.5736170032189613,0.4415615732655423,641,r0641
1.570696643379841,2.324363171110929,0.2314951439347971,642,r0642
1.121145723665412,1.665241052523231,0.1928530431705935,643,r0643
1.590236967147431,1.7798209230561093,0.1118154570230256,644,r0644
0.6356856976065769,1.128383477062774,0.158795716404301,645,r0645
0.5434653046600282,0.4383535905171278,0.8608837019862146,646,r0646
0.8540958188263092,0.6516054666794997,0.9076213576640428,647,r0647
0.954354303839582,0.8909893691454407,0.273128538985692,648,r0648
1.4739259060604746,0.7279849885636669,0.9453670694404764,649,r0649
2.1572920409609364,2.1426886142163952,0.1615205157630261,650,r0650
1.5529254533791248,2.2971349197361364,0.2126619373534338,651,r0651
2.538144857803499,1.6530397198068705,0.3441659288379751,652,r0652
0.6102388181293237,0.5742320873929352,0.4947207356921409,653,r0653
1.2987358164948002,1.6220533637407044,0.3430462722617673,654,r0654
1.5552183140051832,2.0508748589700816,0.3213464058944172,655,r0655
1.5748883796337725,1.204617158410506,0.2653124681245509,656,r0656
1.661052756729786,1.9405259152886591,0.270877216284207,657,r0657
0.7207789871702197,0.4514402509906473,0.5701698262318703,658,r0658
1.6025717669961503,1.3184961058413305,0.2872881217032255,659,r0659
0.4457326978783497,0.8889621449715753,0.2238653691562022,660,r0660
2.420449318010335,2.543055689542819,0.1427234373739615,661,r0661
0.5767919766247575,0.5843766603464293,0.1758832126894705,662,r0662
1.5756061758068998,2.1022338835971293,0.3516376750718966,663,r0663
1.0236131046978334,0.6824447982151574,0.5324451930927874,664,r0664
1.4658561261746463,0.7724342528867464,0.8259185179354595,665,r0665
0.5889800862813594,0.2867515988350578,0.9416318834407597,666,r0666
2.156800554796777,2.0159553862512074,0.155839596457528,667,r0667
3.147777947155774,2.5810464213434474,0.1780525607801369,668,r0668
3.073165359822055,2.2238733342211794,0.1215494431700901,669,r0669
0.3363750125295874,0.8699293791846419,0.0477910422111477,670,r0670
1.8315041193520956,1.6949778853902808,0.1480675468919509,671,r0671
0.6471462963413256,0.8234279364271856,0.1455315839860456,672,r0672
2.126131203437958,2.3583200971796088,0.2200326312047039,673,r0673
0.5915507230977143,1.3851814536376423,0.0688944221168265,674,r0674
1.7934742706044156,2.0905004759298813,0.2126353354752691,675,r0675
1.0530579210067168,0.9075941431308564,0.4951962314247932,676,r0676
1.059091237115549,2.5595219584690025,0.0993603912770453,677,r0677
2.009365321058295,1.618115503011022,0.094268833834568,678,r0678
0.9662058291380816,1.2927484287593614,0.1829907844179076,679,r0679
1.7294801672729885,2.213174364057327,0.2616516935731144,680,r0680
1.0716487925685654,0.9155287446800848,0.7248009409226647,681,r0681
1.693684137845892,1.7107071371816636,0.1344336513487425,682,r0682
0.6742753485551813,1.0973543294267514,0.1851328590780221,683,r0683
1.287231522334999,1.3832622970670467,0.311843370368009,684,r0684
0.1638526848629688,0.3296548512419402,0.5644199283039408,685,r0685
0.1501394226698504,0.4582681348641569,0.4951554992035205,686,r0686
0.2729322588163234,0.9768786110435076,0.2993401166285248,687,r0687
0.2236358016354293,0.5839872591679466,0.5493175063262339,688,r0688
1.9031119129952092,2.4230205997776837,0.1424139546803126,689,r0689
1.0798755484767402,1.022376068417576,0.5289097191945143,690,r0690
1.261442110876178,0.8100125584424668,0.5215491846765299,691,r0691
1.5451823411330416,2.263535636678283,0.0395706165667131,692,r0692
1.2455196459854652,1.7970112025488276,0.1529197433904084,693,r0693
0.7586824476541723,1.142724882355761,0.453305306262121,694,r0694
0.9139952841056012,0.6676751052685301,0.9925040537145632,695,r0695
0.7276976474477962,0.4665272076937177,0.9575180915626014,696,r0696
1.4699985836437446,1.6737049951507226,0.0505204032060839,697,r0697
1.4787096052246245,0.9368564624730212,0.5702871376742902,698,r0698
1.2222040115741128,0.5104016666240039,0.8692984858884646,699,r0699
1.0281609282159192,1.6255645627856994,0.2487898348009326,700,r0700
0.5214547171114579,0.3069513121663034,0.7006003208970957,701,r0701
3.3322409543389497,3.069738727986765,0.0333343270326233,702,r0702
1.2460425813453633,0.7943189130158121,0.8439571129574871,703,r0703
1.2942070775227237,1.0152321169784233,0.4442749631410537,704,r0704
1.5514739923350147,2.073845785300616,0.2569417310055099,705,r0705
2.5774590782897584,1.8022142375605816,0.2687040989750309,706,r0706
1.2023823490995158,1.3875845753709015,0.4366765100564983,707,r0707
2.0535452332562585,2.046341576486995,0.2214645276839877,708,r0708
0.945052415525866,1.449654394980143,0.5253776052715093,709,r0709
0.9705412587630488,1.3635445008122986,0.3131880168019002,710,r0710
0.9959231289945532,1.6122133815407786,0.265691674500685,711,r0711
1.373745277699649,0.5667017807065092,0.9475533220005132,712,r0712
0.6962416820384849,0.2765296503431276,1.014243549946474,713,r0713
0.3913291111387884,0.8080106793177243,0.4756567415147466,714,r0714
0.921147689782332,1.202784047455093,0.1239540075022938,715,r0715
0.2741279024703943,1.104219560264873,0.0973614345295751,716,r0716
1.352354683826633,0.5910366611991488,0.9118797434087924,717,r0717
1.0380308982171078,0.9729176238697236,0.5465559826022973,718,r0718
1.3599401216357283,1.001743274015435,0.3816943593146062,719,r0719
1.0497437109464696,0.8064381590568878,0.6877743423141693,720,r0720
0.2004536389378773,0.8591025747535587,0.3480084701875822,721,r0721
0.8068241574799107,0.7046195606879277,0.2911619353908699,722,r0722
0.8714042270288009,1.2419123051544054,0.2250877180124904,723,r0723
0.2932857591369551,0.4926800772403001,0.4042875590554031,724,r0724
1.897379608439204,1.4205999781649743,0.3774595774590236,725,r0725
1.5377098689236022,1.9756999431011644,0.1981740387559925,726,r0726
0.6833206739767079,0.7560318689445228,0.7144729636286623,727,r0727
1.5202552686994322,1.556880741592497,0.2561661467882515,728,r0728
0.7382076836243509,0.8460605198024291,0.1358220162738673,729,r0729
3.226001876913843,2.545100901821004,0.0337014330160767,730,r0730
3.4651085895787843,3.1322807581756393,0.116772289251471,731,r0731
2.3962696262610192,1.5236017724296835,0.3711403890984999,732,r0732
0.9259966415333876,0.8153090279420718,0.1967931087636998,733,r0733
0.6474467694540237,1.572407865070176,0.2309287163131611,734,r0734
0.9822618100635948,0.4937041707718357,0.9672406681154092,735,r0735
0.9942148382351852,0.8835699186247791,0.4347986128304671,736,r0736
1.8480286056134645,2.3385874269479383,0.0661842552734981,737,r0737
0.3274178841602895,0.580174053410223,0.4532884026234557,738,r0738
0.5398822087494354,0.4437102297797083,0.6798248457808019,739,r0739
0.5155818608683386,0.7902649290365701,0.1198726612730014,740,r0740
1.0878980280264223,2.4024391674826315,0.2184145450018196,741,r0741
0.2330263085752422,1.1259395102066476,0.1153271085932535,742,r0742
1.3055127218902478,1.3378412455559907,0.2400004304580603,743,r0743
0.5625791208886525,1.0155345201008892,0.3466604560075826,744,r0744
3.025866985659184,3.5716794936099134,0.1066875900048313,745,r0745
0.9515411773016876,0.8235938199420693,0.1877644935205141,746,r0746
0.9926140521247572,1.1694042738941235,0.2530774596896404,747,r0747
0.3549868961347461,0.7784378010776861,0.1052727917623943,748,r0748
2.0177499798808403,1.9972636684849536,0.0531237297161964,749,r0749
1.6154190325011253,0.6530829016285622,0.9408885331380236,750,r0750
1.065816732778083,0.6619912646597658,0.9528189380713216,751,r0751
1.3400784316313616,0.5958094386734738,0.9703834197437132,752,r0752
1.84363442501002,2.2490158004940515,0.1164560862005723,753,r0753
0.9909205170302956,0.8420819020342577,0.2894543028817453,754,r0754
0.8887711904662179,0.7761947861468866,0.4493434952717735,755,r0755
3.1286538397992585,2.1593952691522733,0.6256767491410092,756,r0756
1.254728465692992,1.4633128084569038,0.4369922935517528,757,r0757
0.993128336287288,1.549585439939045,0.304033477288927,758,r0758
1.4945052978049256,2.349723764754327,0.1003509677170077,759,r0759
1.1396636937375266,0.7042555443018037,0.8567475311200392,760,r0760
1.8333953406338803,1.6426281915725645,0.2648901214907188,761,r0761
1.74839846822573,1.495489167801762,0.517747280381397,762,r0762
1.9564086961447156,1.6941267781668756,0.1610842735368212,763,r0763
2.2002649777530734,2.219624700796922,0.1112803929920325,764,r0764
0.7389948298158524,0.6916123515327928,0.4364565205513515,765,r0765
1.269251858646981,1.6466113587311002,0.086558373412348,766,r0766
3.3265385956779814,2.5817381575664453,0.2500849721918034,767,r0767
0.8336028341587667,0.6273768284756889,0.9599503710083952,768,r0768
1.0657998076206563,1.2452156258705909,0.4443762667455018,769,r0769
2.282562817800679,2.027752406733143,0.2111378559327879,770,r0770
1.8751607607392624,1.0195169701342626,0.4279228083398388,771,r0771
3.4628125390520017,2.7681087798982382,0.2285650465612448,772,r0772
2.4355842891522643,2.197715256775553,0.1441879055824953,773,r0773
0.5610681421232118,1.458009564384097,0.2526227924836303,774,r0774
0.7631536195212107,0.6345247744635607,0.5429251696990905,775,r0775
0.9918597899505756,0.6054799723034205,0.7390740509221407,776,r0776
0.807739155399882,1.2881202772142666,0.2547369057296476,777,r0777
0.6554769493247264,1.3765762578942329,0.1429926164032722,778,r0778
2.0364490275970963,2.5230866637090217,0.1793854492926937,779,r0779
0.3337620452303084,1.2365446909048248,0.1371044300514471,780,r0780
0.5532570483622947,0.8748567207340692,0.2047614212103422,781,r0781
0.3717637123234538,1.1136596049408816,0.1914039678301277,782,r0782
0.8725525528480558,1.4772836673213696,0.2139470909608438,783,r0783
2.1961900993350487,1.818315630782596,0.0766559859168295,784,r0784
2.267941092752209,2.382106045039877,0.1152984433203806,785,r0785
0.6046256096846157,0.4348272053335497,0.8199318783008448,786,r0786
2.919032382327176,2.2453068271274783,0.2128964518771622,787,r0787
1.6238627390014535,1.8421943743409488,0.285547735605654,788,r0788
1.453762540705517,2.1330430376085228,0.2542663899295057,789,r0789
2.307246880963418,2.6551581748884012,0.0836731520270256,790,r0790
1.0790428725151202,0.3369423006127692,0.8400851008510936,791,r0791
0.8217419661728265,0.8682958414963856,0.4203077369726572,792,r0792
0.970184420629215,1.3462338597569603,0.2501410525233893,793,r0793
2.3369163376731272,2.1280161800378763,0.036165935764444,794,r0794
0.935052727984472,0.8816272178185729,0.640098787704387,795,r0795
1.0541088385547157,0.7004508075579974,1.0214714471232975,796,r0796
1.5594548924890883,0.7176262874368008,0.8931296511564567,797,r0797
0.8189459205894196,0.9353655692914238,0.6344833678815701,798,r0798
0.8147586124028727,0.5693947850532756,0.4179308174137269,799,r0799
0.3144679779688747,0.3221825709828415,0.5021206449646984,800,r0800
1.005218514139277,0.907834206149622,0.3145753911272387,801,r0801
0.7072358746377925,0.4025884056774013,1.0066739306967598,802,r0802
1.1288421973642302,1.7047246045955566,0.156694710638495,803,r0803
0.995473857979793,1.572700830727937,0.1786033378501476,804,r0804
0.7801892176103798,0.9544453894696932,0.4698567446291883,805,r0805
1.76133938277225,1.64827229184731,0.2114897021996216,806,r0806
1.173695106254691,0.3185965448092087,0.9197905596510773,807,r0807
0.1523220738634012,0.5182849438565572,0.4351086740296677,808,r0808
0.8742357122415343,1.1546751639509831,0.4517382086441653,809,r0809
2.265211471943663,2.1902255721574257,0.0683179672154799,810,r0810
1.2830995118052209,2.0693148320246944,0.0577879555764994,811,r0811
0.6722120099801778,0.6040232143585502,0.8899615922627174,812,r0812
1.557315550708826,1.6809256172748614,0.3092483575713908,813,r0813
1.3042991336668444,0.755504243651575,0.7293476223615982,814,r0814
2.8596702161973355,2.6037825975879145,0.061206777187629,815,r0815
1.6173019837136586,2.5918655164306452,0.0561110500147725,816,r0816
2.0190412962234574,1.7347750862313485,0.1049163947252819,817,r0817
1.1221973067056934,0.5825575908993484,0.9811213899117068,818,r0818
1.0394687375753084,1.4080688522612932,0.0550129399221376,819,r0819
0.4515810243635708,0.6978645802196641,0.6139192459262282,820,r0820
3.4509753980030484,2.6983573026281342,0.2837750583725837,821,r0821
2.8824704910179673,2.494846507812927,0.1035153935061508,822,r0822
0.5776888113305638,0.4023257623092258,0.830401281911414,823,r0823
0.7740252049644946,1.525902373997262,0.2879838731313292,824,r0824
0.6357001130780788,1.0774981123552096,0.2109378215402919,825,r0825
2.278947132324017,2.85477234786147,0.1538509252994001,826,r0826
0.6283980982314049,1.176356135686642,0.2607959928521038,827,r0827
0.9380456476601454,1.1285882435597032,0.1676783531373141,828,r0828
1.0535296427944347,0.8108185705040966,0.8593967943553702,829,r0829
1.0573242696226188,1.692420776236911,0.0902805566495461,830,r0830
1.6247989303596593,2.4373645611888333,0.1425931241188148,831,r0831
1.4773563134258922,2.1481888062227945,0.2692001204674621,832,r0832
0.2431997612798639,0.9554458434023438,0.2312911505655729,833,r0833
1.1221663417377434,1.3249566596288038,0.3368351410881036,834,r0834
1.2101872458711913,1.17273474846455,0.5167479868505325,835,r0835
0.5912756955118148,0.9326310282030598,0.5057593355014366,836,r0836
0.8261462103835263,0.8408376621845101,0.627173288230364,837,r0837
1.6242417544595606,1.900377223694793,0.2200635562882523,838,r0838
0.2193991107742993,0.5819076161583949,0.123207153928408,839,r0839
1.664705265643056,1.2944020406618904,0.2123083933469243,840,r0840
4.130525537906705,3.098666999041385,0.1763956223939544,841,r0841
0.6680998369175362,0.7598114131333156,0.585687837986253,842,r0842
0.606562795079649,0.4155957524018495,0.7262164365585413,843,r0843
2.4713706482643834,1.9200215777371905,0.1753236958645495,844,r0844
1.3948416754013973,1.47071516504663,0.2304551070498949,845,r0845
0.7290395358134047,0.6870256884714917,0.3044980592473497,846,r0846
0.2786903332330153,0.5468141681840648,0.5399397743388331,847,r0847
2.683146110996359,2.1608634155050246,0.0362325743368037,848,r0848
0.323497452218444,0.4424230525162217,0.7437144183554014,849,r0849
1.296043054295247,1.9074374200040205,0.1191564804250707,850,r0850
2.3467532690234836,1.7180295236644962,0.2655728597034913,851,r0851
1.4543814817996463,1.2205220181802057,0.4542094750016083,852,r0852
1.2143504163598209,0.815850486049659,0.3537298712928907,853,r0853
0.3601005952047588,1.264532977639247,0.2758828886696785,854,r0854
1.0238520323490363,0.8312132218856223,0.3307185586213012,855,r0855
1.3486961903985564,0.3751272172033289,1.0067766025851004,856,r0856
3.204349992057021,2.654304194394614,0.1087089689341995,857,r0857
2.100355830117567,2.1147534568769792,0.0618098959836011,858,r0858
0.3772183086314212,1.0973931459626094,0.1408917222132872,859,r0859
3.831776295033473,3.452153202891377,0.0900626848072331,860,r0860
2.098123894409149,1.606835164968428,0.1522752267029214,861,r0861
1.61999949256421,1.4980174924908365,0.3398633500714686,862,r0862
1.539214686200192,2.071058134861797,0.1363963749933083,863,r0863
0.8963301913849762,1.4153308483414953,0.5034129663568708,864,r0864
0.5003010580496088,1.4016005677800003,0.091345439818951,865,r0865
0.4902838784085212,1.076453096588858,0.2482771954408275,866,r0866
2.6763243530989875,3.158906318167562,0.0336916341773777,867,r0867
0.836356681897444,1.2428899909212217,0.291812862670079,868,r0868
1.51736169390556,1.1096320123085233,0.5538410655343565,869,r0869
3.701157190142488,3.295823009344243,0.1173931195037611,870,r0870
0.5484818702817038,0.9531825167939152,0.3760203891940513,871,r0871
2.247996681206724,2.815199214092293,0.0372523873476237,872,r0872
0.8860711144533042,0.3241634002344566,0.923830405476938,873,r0873
1.7917856621427393,1.4405829872993687,0.2224242598479861,874,r0874
0.4857188843772314,0.4928832072756706,0.7337212211006783,875,r0875
1.4306062294578017,0.8673876069152715,0.7613368588733295,876,r0876
1.8713029638503067,1.9971888565457123,0.0951769552358811,877,r0877
0.6890795829213092,1.4731552977541682,0.0604608546256418,878,r0878
0.6365544423652328,0.477251688890894,0.9457015745839104,879,r0879
0.1208472068140294,0.4647600432030071,0.2215989016767043,880,r0880
0.9875736799801343,0.6179109973712834,1.0019350834058434,881,r0881
0.6601995560898889,0.4243051270189006,0.5665564892089215,882,r0882
1.1554991762506508,0.5679473982221812,0.7531775248724876,883,r0883
0.5454711073098281,0.6387893837672732,0.1634913953321171,884,r0884
0.7801559530651933,0.9108255105019698,0.0529687479754144,885,r0885
0.6553012537872893,1.3827643057200305,0.3521357962820575,886,r0886
1.8931741902053332,1.166308100301536,0.2495947255487687,887,r0887
0.7594608884162817,0.8222057567722073,0.1951410780970566,888,r0888
0.5168999959224606,0.5965022943845139,0.4794473326219339,889,r0889
1.5919583244408315,0.8189216436698066,0.7872582430121272,890,r0890
1.616450575974374,2.0228387601620943,0.2085614349392513,891,r0891
1.041655856766821,1.4525531317323133,0.2121705273999266,892,r0892
1.0098223732678666,0.7535723521314898,0.8433135102538442,893,r0893
2.10339690886616,1.5595820585271267,0.2885075540719694,894,r0894
1.5363463672226607,1.758270851123396,0.3015067274420946,895,r0895
3.565421328408687,3.322491248432641,0.0386406138821728,896,r0896
1.9193568188367236,2.399330281533406,0.3134205282986742,897,r0897
3.234269280324792,2.5052386434536222,0.2045541447878556,898,r0898
1.5390992593399735,0.941313924601944,0.8090035079764859,899,r0899
1.0037035913247443,1.0416511983509904,0.7409982906171766,900,r0900
1.3110111281612469,1.1912452719209918,0.4109816991107525,901,r0901
1.1440887119855987,1.6710238626555598,0.4347317284505165,902,r0902
3.2561174866920104,2.5265505135554744,0.3263065070636223,903,r0903
1.1331150303994677,1.3721619282261854,0.0929814995665218,904,r0904
1.980780080489089,1.92606281784473,0.2893746937165061,905,r0905
1.2106920363225706,0.8175694170165752,0.6318905667912283,906,r0906
1.0554582685968628,0.816807350558967,0.7780447830521334,907,r0907
0.7119031343870984,1.0858253181184716,0.3850941484623409,908,r0908
0.8588881961795244,0.6379298637484321,1.009165580144243,909,r0909
1.4097149439647665,2.006424034235724,0.1228606300639497,910,r0910
0.7231885280770152,0.9767138191169156,0.5299863986683688,911,r0911
1.7350838791181986,1.3612510422057582,0.2083279563156768,912,r0912
0.6274115612787696,1.4592295824089432,0.0543393996864264,913,r0913
0.3941468425933842,0.6571185438477163,0.0941855215834174,914,r0914
2.4495904623314684,2.5800136544833427,0.0581092553842714,915,r0915
1.2249898510624468,0.7492450594632957,0.8422753525221024,916,r0916
0.6522757338829491,0.5277973401571857,0.7681053656861138,917,r0917
1.8994553403692431,1.2120911981378324,0.3769812785489644,918,r0918
0.9308943756003518,0.3104481905843956,0.9250700699057584,919,r0919
1.1271397132647287,1.9158400991546631,0.1773513645903416,920,r0920
0.7075571361807032,0.6157212055046031,0.4128096459598034,921,r0921
1.4427179744782637,1.5378825447703504,0.4070967976378007,922,r0922
1.939272285113542,1.8157136015481177,0.3329823195084335,923,r0923
0.4753441964076925,0.5709792550057526,0.8049403845098706,924,r0924
0.7288846143518749,1.4355670087421812,0.1925906727525761,925,r0925
1.4949463908984526,1.000396800830934,0.714864053989861,926,r0926
0.3620563183035852,0.7388491435532916,0.2674522592493706,927,r0927
1.3427350242113862,0.9730191423203448,0.6713350890562235,928,r0928
1.743196000176387,1.9540467139080957,0.138202597245384,929,r0929
0.7024252591009371,0.2456815995132913,0.9413377343028264,930,r0930
0.5634140056259386,0.5501818722663916,0.5854112195598897,931,r0931
1.000772622617208,1.7048244082542383,0.3207580357514665,932,r0932
2.209909106770764,2.258412782980983,0.1353617946126695,933,r0933
1.0632833668376802,0.5080020406045797,0.7743902188245181,934,r0934
2.62900772598664,1.6945679452235334,0.3729231286931766,935,r0935
1.2063777893934686,1.154789548186952,0.4416616123096766,936,r0936
0.2770279408560595,0.4973086954405981,0.2065907403622315,937,r0937
1.9774504307416136,1.726488394510219,0.1830659555797113,938,r0938
1.8618505658214983,2.1207631250823273,0.0530944170311419,939,r0939
1.1666468300210966,0.7998138816544326,0.6520629010776406,940,r0940
1.235429656453185,0.5189340669628312,0.9642932699224406,941,r0941
1.8959475875985063,2.200871927804624,0.0925755028603415,942,r0942
0.5970977225659709,1.028003719300734,0.4791865771653321,943,r0943
0.6353982445493596,1.1848971379474116,0.2556562041224488,944,r0944
1.1099391255647828,0.9554551831975928,0.2119099628100436,945,r0945
1.6153425668763783,2.1293162290183316,0.2553023479621971,946,r0946
1.3077251228251623,1.5911567398025486,0.2176053545303458,947,r0947
0.982707983227292,1.230409470866908,0.5362017544934364,948,r0948
1.8526534079599328,2.377726209712416,0.1445227874720946,949,r0949
1.2190740237246145,1.3293860208792792,0.4356195865646887,950,r0950
0.8645025864612798,0.9162953757802744,0.7730938116421715,951,r0951
2.3088312205801156,2.548036901750537,0.1259498545472196,952,r0952
1.6322360030264131,1.194563411346474,0.384315377809247,953,r0953
1.4070600436207514,1.26754159354949,0.1310430769856126,954,r0954
1.6524992588272296,1.4185155952972106,0.0812784011502188,955,r0955
1.2958946769947353,0.8284179704106237,0.5190574924220218,956,r0956
0.904518413449835,1.056452410054926,0.2056674655767627,957,r0957
0.9899670635782254,1.1571315481245668,0.2278277348245991,958,r0958
3.776113295739146,3.3593228967469275,0.0697710116235815,959,r0959
1.4070500498478693,1.9662585749525188,0.1397202233768084,960,r0960
1.2920977788443004,1.709327454889992,0.2305714359811748,961,r0961
1.1910885875944168,1.5413066793483303,0.1872981512331297,962,r0962
0.481355607714741,0.7326561575214839,0.4953614522127226,963,r0963
0.5351678116765313,1.1408635689912283,0.2581536588331513,964,r0964
0.3388992635067099,0.4325951048941544,1.0146794494942115,965,r0965
2.228657767758011,1.999715081354404,0.1946228634421175,966,r0966
0.490055126717749,1.052116868682481,0.119065293551754,967,r0967
1.1862277390446474,2.082028634398594,0.0576517018322541,968,r0968
0.2321862649176858,0.5119430947984,0.0439626361269347,969,r0969
2.940678553093198,2.705037551843703,0.1494900101256426,970,r0970
